onhfseqldaaoeushc,87,1480.0055582808939,55,desperate
mjmzcllvktohpowvndj,31,225.63018322702766,15,choosy
cwreimypefjhx,70,865.7557191424985,81,desperate
kvagd,87,1476.812688154259,66,desperate
etbdrnkgujesebavg,99,559.6156465171555,95,choosy
yzqbtenlo,70,1066.4506015592824,41,desperate
bpdtuldwodazqxlttmy,84,1299.7726233913031,75,desperate
shtraiswtjpj,87,1369.7889603844678,58,normal
lvdkxzkmxpapxm,80,716.2284519075774,39,desperate
hcxkejxqsxjxspl,10,1094.4166349233756,24,choosy
